"date_time","emoji_code","user"
"2013-10-03 13:34:00","1f608","Shaggy"
"2013-10-23 13:04:00","1f609","Shaggy"
"2013-10-23 13:08:00","1f609","Joe"
"2013-10-23 13:17:00","1f614","Joe"
"2013-10-24 22:35:00","1f609","Shaggy"
"2013-10-24 22:40:00","1f621","Shaggy"
"2013-10-24 23:02:00","1f34c","Shaggy"
"2013-10-24 23:02:00","1f4f2","Shaggy"
"2013-10-25 09:00:00","1f623","Mike"
"2013-10-25 10:16:00","1f62d","Shaggy"
"2013-10-25 11:00:00","1f607","Joe"
"2013-10-25 11:05:00","1f62d","Joe"
"2013-10-25 12:33:00","1f633","Hannah"
"2013-10-25 12:33:00","1f3b6","Hannah"
"2013-10-25 12:50:00","1f614","Joe"
"2013-10-26 03:56:00","1f60a","Joe"
"2013-10-31 09:34:00","1f62d","Joe"
"2013-10-31 11:56:00","1f631","Joe"
"2013-10-31 11:56:00","1f383","Joe"
"2013-10-31 11:56:00","1f483","Joe"
"2013-10-31 11:56:00","1f37a","Joe"
"2013-10-31 11:56:00","1f389","Joe"
"2013-10-31 11:56:00","1f3b8","Joe"
"2013-10-31 11:57:00","1f496","Sam"
"2013-10-31 12:02:00","1f620","Joe"
"2013-10-31 17:23:00","1f633","Shaggy"
"2013-11-15 10:58:00","1f61c","Hannah"
"2013-11-16 14:15:00","1f389","Shaggy"
"2013-12-25 13:26:00","1f31f","Hannah"
"2013-12-25 13:26:00","1f384","Hannah"
"2013-12-25 13:26:00","1f384","Hannah"
"2013-12-25 13:26:00","1f384","Hannah"
"2013-12-25 13:26:00","1f384","Hannah"
"2013-12-25 13:26:00","1f534","Hannah"
"2013-12-25 13:26:00","1f384","Hannah"
"2013-12-25 13:26:00","1f384","Hannah"
"2013-12-25 13:26:00","1f534","Hannah"
"2013-12-25 13:26:00","1f380","Hannah"
"2013-12-25 13:26:00","1f384","Hannah"
"2013-12-25 13:26:00","1f384","Hannah"
"2013-12-25 13:26:00","1f380","Hannah"
"2013-12-25 13:26:00","1f384","Hannah"
"2013-12-25 13:26:00","1f534","Hannah"
"2013-12-25 13:26:00","1f384","Hannah"
"2013-12-25 13:26:00","1f384","Hannah"
"2013-12-25 13:26:00","1f380","Hannah"
"2013-12-25 13:26:00","1f384","Hannah"
"2013-12-25 13:26:00","1f384","Hannah"
"2013-12-25 13:26:00","1f534","Hannah"
"2013-12-25 13:26:00","1f384","Hannah"
"2013-12-25 13:26:00","1f384","Hannah"
"2013-12-25 13:26:00","1f384","Hannah"
"2013-12-25 13:26:00","1f534","Hannah"
"2013-12-25 13:26:00","1f384","Hannah"
"2013-12-25 13:26:00","1f384","Hannah"
"2013-12-25 13:26:00","1f380","Hannah"
"2013-12-25 13:26:00","1f384","Hannah"
"2013-12-25 13:26:00","1f384","Hannah"
"2013-12-25 13:26:00","1f534","Hannah"
"2013-12-25 13:26:00","1f384","Hannah"
"2013-12-25 13:26:00","1f380","Hannah"
"2013-12-25 13:26:00","1f534","Hannah"
"2013-12-25 13:26:00","1f384","Hannah"
"2013-12-25 13:26:00","1f384","Hannah"
"2013-12-25 13:26:00","1f384","Hannah"
"2014-01-01 15:02:00","1f354","Hannah"
"2014-01-01 15:02:00","1f354","Hannah"
"2014-01-01 15:02:00","1f354","Hannah"
"2014-01-01 15:02:00","1f354","Hannah"
"2014-01-01 15:02:00","1f354","Hannah"
"2014-01-01 15:02:00","1f354","Hannah"
"2014-01-01 15:02:00","1f354","Hannah"
"2014-01-01 15:02:00","1f354","Hannah"
"2014-01-01 15:02:00","1f354","Hannah"
"2014-01-01 15:02:00","1f354","Hannah"
"2014-01-01 15:02:00","1f354","Hannah"
"2014-01-01 15:02:00","1f354","Hannah"
"2014-01-01 15:02:00","1f354","Hannah"
"2014-01-01 15:02:00","1f354","Hannah"
"2014-01-01 15:02:00","1f354","Hannah"
"2014-01-01 15:02:00","1f354","Hannah"
"2014-01-01 15:02:00","1f354","Hannah"
"2014-01-01 15:02:00","1f354","Hannah"
"2014-01-01 15:02:00","1f354","Hannah"
"2014-01-01 15:02:00","1f354","Hannah"
"2014-01-01 15:02:00","1f354","Hannah"
"2014-01-01 15:02:00","1f354","Hannah"
"2014-01-01 15:02:00","1f354","Hannah"
"2014-01-01 15:02:00","1f354","Hannah"
"2014-01-01 15:02:00","1f354","Hannah"
"2014-01-01 15:02:00","1f354","Hannah"
"2014-01-01 15:02:00","1f354","Hannah"
"2014-01-01 15:02:00","1f354","Hannah"
"2014-01-01 15:02:00","1f354","Hannah"
"2014-01-01 15:02:00","1f354","Hannah"
"2014-01-01 15:02:00","1f35f","Hannah"
"2014-01-01 15:02:00","1f35f","Hannah"
"2014-01-01 15:02:00","1f35f","Hannah"
"2014-01-01 15:02:00","1f35f","Hannah"
"2014-01-01 15:02:00","1f35f","Hannah"
"2014-01-01 15:02:00","1f35f","Hannah"
"2014-01-01 15:02:00","1f35f","Hannah"
"2014-01-01 15:02:00","1f35f","Hannah"
"2014-01-01 15:02:00","1f35f","Hannah"
"2014-01-01 15:02:00","1f35f","Hannah"
"2014-01-01 15:02:00","1f35f","Hannah"
"2014-01-01 15:02:00","1f35f","Hannah"
"2014-01-01 15:02:00","1f35f","Hannah"
"2014-01-01 15:02:00","1f35f","Hannah"
"2014-01-01 15:02:00","1f35f","Hannah"
"2014-01-01 15:02:00","1f35f","Hannah"
"2014-01-01 15:02:00","1f35f","Hannah"
"2014-01-01 15:02:00","1f35f","Hannah"
"2014-01-01 15:02:00","1f35f","Hannah"
"2014-01-01 15:02:00","1f35f","Hannah"
"2014-01-01 15:02:00","1f35f","Hannah"
"2014-01-01 15:02:00","1f35f","Hannah"
"2014-01-01 15:02:00","1f35f","Hannah"
"2014-01-01 15:02:00","1f35f","Hannah"
"2014-01-01 15:02:00","1f35f","Hannah"
"2014-01-01 15:02:00","1f35f","Hannah"
"2014-01-01 15:02:00","1f35f","Hannah"
"2014-01-01 15:02:00","1f35f","Hannah"
"2014-01-01 15:02:00","1f35f","Hannah"
"2014-01-01 15:02:00","1f35f","Hannah"
"2014-01-01 15:02:00","1f35f","Hannah"
"2014-01-01 15:02:00","1f35f","Hannah"
"2014-01-01 15:02:00","1f35f","Hannah"
"2014-01-01 15:02:00","1f35f","Hannah"
"2014-01-01 15:02:00","1f354","Hannah"
"2014-01-01 15:02:00","1f354","Hannah"
"2014-01-01 15:02:00","1f354","Hannah"
"2014-01-01 15:02:00","1f354","Hannah"
"2014-01-01 15:02:00","1f354","Hannah"
"2014-01-01 15:02:00","1f354","Hannah"
"2014-01-01 15:02:00","1f354","Hannah"
"2014-01-01 15:02:00","1f354","Hannah"
"2014-01-01 15:02:00","1f354","Hannah"
"2014-01-01 15:02:00","1f354","Hannah"
"2014-01-01 15:02:00","1f354","Hannah"
"2014-01-01 15:02:00","1f354","Hannah"
"2014-01-01 15:02:00","1f354","Hannah"
"2014-01-01 15:02:00","1f354","Hannah"
"2014-01-01 15:02:00","1f354","Hannah"
"2014-01-01 15:02:00","1f354","Hannah"
"2014-01-01 15:02:00","1f354","Hannah"
"2014-01-01 15:02:00","1f354","Hannah"
"2014-01-01 15:02:00","1f354","Hannah"
"2014-01-01 15:02:00","1f354","Hannah"
"2014-01-01 15:02:00","1f354","Hannah"
"2014-01-01 15:02:00","1f354","Hannah"
"2014-01-01 15:02:00","1f354","Hannah"
"2014-01-01 15:02:00","1f354","Hannah"
"2014-01-01 15:02:00","1f354","Hannah"
"2014-01-01 15:02:00","1f354","Hannah"
"2014-01-01 15:02:00","1f354","Hannah"
"2014-01-01 15:02:00","1f354","Hannah"
"2014-01-01 15:02:00","1f354","Hannah"
"2014-01-01 15:02:00","1f354","Hannah"
"2014-01-01 15:02:00","1f604","Hannah"
"2014-01-01 15:02:00","1f60a","Hannah"
"2014-01-01 15:02:00","1f603","Hannah"
"2014-01-01 15:02:00","1f603","Hannah"
"2014-01-01 15:02:00","1f60a","Hannah"
"2014-01-01 15:02:00","1f604","Hannah"
"2014-01-01 15:02:00","1f60a","Hannah"
"2014-01-01 15:02:00","1f603","Hannah"
"2014-01-01 15:02:00","1f603","Hannah"
"2014-01-01 15:02:00","1f60a","Hannah"
"2014-01-01 15:02:00","1f604","Hannah"
"2014-01-01 15:10:00","1f604","Owen"
"2014-01-09 15:09:00","1f615","Vanessa"
"2014-01-14 14:02:00","1f355","Shaggy"
"2014-01-14 14:02:00","1f355","Shaggy"
"2014-01-14 14:02:00","1f355","Shaggy"
"2014-01-14 14:02:00","1f355","Shaggy"
"2014-01-14 14:02:00","1f355","Shaggy"
"2014-01-14 14:02:00","1f355","Shaggy"
"2014-01-14 14:02:00","1f355","Shaggy"
"2014-01-14 14:02:00","1f355","Shaggy"
"2014-01-16 11:41:00","1f44d","Owen"
"2014-01-16 12:44:00","1f417","Owen"
"2014-01-16 12:44:00","1f40a","Owen"
"2014-01-16 12:44:00","1f416","Owen"
"2014-01-16 12:44:00","1f43b","Owen"
"2014-01-16 12:44:00","1f40d","Owen"
"2014-01-16 12:44:00","1f409","Owen"
"2014-01-16 12:44:00","1f432","Owen"
"2014-01-16 12:44:00","1f400","Owen"
"2014-01-16 12:44:00","1f42a","Owen"
"2014-01-16 12:44:00","1f406","Owen"
"2014-01-16 12:57:00","1f40a","Owen"
"2014-01-16 12:57:00","1f416","Owen"
"2014-01-16 12:57:00","1f40d","Owen"
"2014-01-16 12:57:00","1f400","Owen"
"2014-01-16 12:57:00","1f406","Owen"
"2014-01-16 12:59:00","1f432","Owen"
"2014-01-16 13:46:00","1f40c","Owen"
"2014-01-16 13:46:00","1f436","Shaggy"
"2014-01-16 13:46:00","1f43a","Shaggy"
"2014-01-16 13:46:00","1f431","Shaggy"
"2014-01-16 13:46:00","1f42d","Shaggy"
"2014-01-16 13:46:00","1f439","Shaggy"
"2014-01-16 13:46:00","1f430","Shaggy"
"2014-01-16 13:46:00","1f438","Shaggy"
"2014-01-16 13:46:00","1f42f","Shaggy"
"2014-01-16 13:46:00","1f428","Shaggy"
"2014-01-16 13:46:00","1f43b","Shaggy"
"2014-01-16 13:46:00","1f437","Shaggy"
"2014-01-16 13:46:00","1f43d","Shaggy"
"2014-01-16 13:46:00","1f42e","Shaggy"
"2014-01-16 13:46:00","1f417","Shaggy"
"2014-01-16 13:46:00","1f435","Shaggy"
"2014-01-16 13:46:00","1f412","Shaggy"
"2014-01-16 13:46:00","1f434","Shaggy"
"2014-01-16 13:46:00","1f411","Shaggy"
"2014-01-16 13:46:00","1f418","Shaggy"
"2014-01-16 13:46:00","1f43c","Shaggy"
"2014-01-16 13:46:00","1f427","Shaggy"
"2014-01-16 13:46:00","1f426","Shaggy"
"2014-01-16 13:46:00","1f424","Shaggy"
"2014-01-16 13:46:00","1f425","Shaggy"
"2014-01-16 13:46:00","1f423","Shaggy"
"2014-01-16 13:46:00","1f414","Shaggy"
"2014-01-16 13:46:00","1f40d","Shaggy"
"2014-01-16 13:46:00","1f422","Shaggy"
"2014-01-16 13:46:00","1f41b","Shaggy"
"2014-01-16 13:46:00","1f41d","Shaggy"
"2014-01-16 13:46:00","1f41c","Shaggy"
"2014-01-16 13:46:00","1f41e","Shaggy"
"2014-01-16 13:46:00","1f40c","Shaggy"
"2014-01-16 13:46:00","1f419","Shaggy"
"2014-01-16 13:46:00","1f41a","Shaggy"
"2014-01-16 13:46:00","1f420","Shaggy"
"2014-01-16 13:46:00","1f41f","Shaggy"
"2014-01-16 13:46:00","1f42c","Shaggy"
"2014-01-16 13:46:00","1f433","Shaggy"
"2014-01-16 13:46:00","1f40b","Shaggy"
"2014-01-16 13:46:00","1f404","Shaggy"
"2014-01-16 13:46:00","1f40f","Shaggy"
"2014-01-16 13:46:00","1f400","Shaggy"
"2014-01-16 13:46:00","1f403","Shaggy"
"2014-01-16 13:46:00","1f405","Shaggy"
"2014-01-16 13:46:00","1f407","Shaggy"
"2014-01-16 13:46:00","1f409","Shaggy"
"2014-01-16 13:46:00","1f409","Shaggy"
"2014-01-16 13:46:00","1f410","Shaggy"
"2014-01-16 13:46:00","1f413","Shaggy"
"2014-01-16 13:46:00","1f415","Shaggy"
"2014-01-16 13:46:00","1f416","Shaggy"
"2014-01-16 13:46:00","1f401","Shaggy"
"2014-01-16 13:46:00","1f402","Shaggy"
"2014-01-16 13:46:00","1f432","Shaggy"
"2014-01-16 13:46:00","1f421","Shaggy"
"2014-01-16 13:46:00","1f40a","Shaggy"
"2014-01-16 13:46:00","1f42b","Shaggy"
"2014-01-16 13:46:00","1f42a","Shaggy"
"2014-01-16 13:46:00","1f406","Shaggy"
"2014-01-16 13:46:00","1f429","Shaggy"
"2014-01-16 13:46:00","1f408","Shaggy"
"2014-01-16 18:55:00","1f436","Owen"
"2014-01-16 18:55:00","1f43a","Owen"
"2014-01-16 18:55:00","1f431","Owen"
"2014-01-16 18:55:00","1f42d","Owen"
"2014-01-16 18:55:00","1f439","Owen"
"2014-01-16 18:55:00","1f430","Owen"
"2014-01-16 18:55:00","1f438","Owen"
"2014-01-16 18:55:00","1f42f","Owen"
"2014-01-16 18:55:00","1f428","Owen"
"2014-01-16 18:55:00","1f43b","Owen"
"2014-01-16 18:55:00","1f437","Owen"
"2014-01-16 18:55:00","1f43d","Owen"
"2014-01-16 18:55:00","1f42e","Owen"
"2014-01-16 18:55:00","1f42e","Owen"
"2014-01-16 18:55:00","1f435","Owen"
"2014-01-16 18:55:00","1f412","Owen"
"2014-01-16 18:55:00","1f434","Owen"
"2014-01-16 18:55:00","1f411","Owen"
"2014-01-16 18:55:00","1f418","Owen"
"2014-01-16 18:55:00","1f43c","Owen"
"2014-01-16 18:55:00","1f427","Owen"
"2014-01-16 18:55:00","1f426","Owen"
"2014-01-16 18:55:00","1f424","Owen"
"2014-01-16 18:55:00","1f425","Owen"
"2014-01-16 18:55:00","1f423","Owen"
"2014-01-16 18:55:00","1f414","Owen"
"2014-01-16 18:55:00","1f40d","Owen"
"2014-01-16 18:55:00","1f422","Owen"
"2014-01-16 18:55:00","1f41b","Owen"
"2014-01-16 18:55:00","1f41d","Owen"
"2014-01-16 18:55:00","1f41c","Owen"
"2014-01-16 18:55:00","1f41e","Owen"
"2014-01-16 18:55:00","1f40c","Owen"
"2014-01-16 18:55:00","1f419","Owen"
"2014-01-16 18:55:00","1f41a","Owen"
"2014-01-16 18:55:00","1f420","Owen"
"2014-01-16 18:55:00","1f420","Owen"
"2014-01-16 18:55:00","1f42c","Owen"
"2014-01-16 18:55:00","1f433","Owen"
"2014-01-16 18:55:00","1f40b","Owen"
"2014-01-16 18:55:00","1f404","Owen"
"2014-01-16 18:55:00","1f40f","Owen"
"2014-01-16 18:55:00","1f400","Owen"
"2014-01-16 18:55:00","1f403","Owen"
"2014-01-16 18:55:00","1f405","Owen"
"2014-01-16 18:55:00","1f407","Owen"
"2014-01-16 18:55:00","1f409","Owen"
"2014-01-16 18:55:00","1f40e","Owen"
"2014-01-16 18:55:00","1f410","Owen"
"2014-01-16 18:55:00","1f413","Owen"
"2014-01-16 18:55:00","1f415","Owen"
"2014-01-16 18:55:00","1f416","Owen"
"2014-01-16 18:55:00","1f401","Owen"
"2014-01-16 18:55:00","1f402","Owen"
"2014-01-16 18:55:00","1f432","Owen"
"2014-01-16 18:55:00","1f421","Owen"
"2014-01-16 18:55:00","1f40a","Owen"
"2014-01-16 18:55:00","1f42b","Owen"
"2014-01-16 18:55:00","1f42a","Owen"
"2014-01-16 18:55:00","1f406","Owen"
"2014-01-16 18:55:00","1f408","Owen"
"2014-01-16 18:55:00","1f429","Owen"
"2014-01-21 14:43:00","1f40a","Owen"
"2014-01-21 14:43:00","1f40a","Owen"
"2014-01-21 15:38:00","1f429","Owen"
"2014-01-21 15:38:00","1f429","Owen"
"2014-01-21 17:50:00","1f404","Owen"
"2014-01-21 17:50:00","1f404","Owen"
"2014-01-21 17:53:00","1f47b","Owen"
"2014-01-21 17:53:00","1f47b","Owen"
"2014-01-21 18:00:00","1f631","Owen"
"2014-01-21 18:00:00","1f64f","Owen"
"2014-01-21 18:00:00","1f44c","Owen"
"2014-01-21 18:00:00","1f443","Owen"
"2014-01-21 18:00:00","1f445","Owen"
"2014-01-21 19:59:00","1f42a","Owen"
"2014-01-21 19:59:00","1f60d","Owen"
"2014-01-21 20:00:00","1f42a","Marth"
"2014-01-21 20:00:00","1f60d","Marth"
"2014-01-21 20:07:00","1f436","Marth"
"2014-01-21 20:07:00","1f43a","Marth"
"2014-01-21 20:07:00","1f431","Marth"
"2014-01-21 20:07:00","1f42d","Marth"
"2014-01-21 20:07:00","1f439","Marth"
"2014-01-21 20:07:00","1f430","Marth"
"2014-01-21 20:07:00","1f438","Marth"
"2014-01-21 20:07:00","1f42f","Marth"
"2014-01-21 20:07:00","1f428","Marth"
"2014-01-21 20:07:00","1f43b","Marth"
"2014-01-21 20:07:00","1f437","Marth"
"2014-01-21 20:07:00","1f43d","Marth"
"2014-01-21 20:07:00","1f42e","Marth"
"2014-01-21 20:07:00","1f417","Marth"
"2014-01-21 20:07:00","1f435","Marth"
"2014-01-21 20:07:00","1f412","Marth"
"2014-01-21 20:07:00","1f434","Marth"
"2014-01-21 20:07:00","1f411","Marth"
"2014-01-21 20:07:00","1f418","Marth"
"2014-01-21 20:07:00","1f43c","Marth"
"2014-01-21 20:07:00","1f427","Marth"
"2014-01-21 20:07:00","1f426","Marth"
"2014-01-21 20:07:00","1f424","Marth"
"2014-01-21 20:07:00","1f425","Marth"
"2014-01-21 20:07:00","1f423","Marth"
"2014-01-21 20:07:00","1f414","Marth"
"2014-01-21 20:07:00","1f40d","Marth"
"2014-01-21 20:07:00","1f422","Marth"
"2014-01-21 20:07:00","1f41b","Marth"
"2014-01-21 20:07:00","1f41d","Marth"
"2014-01-21 20:07:00","1f41c","Marth"
"2014-01-21 20:07:00","1f41e","Marth"
"2014-01-21 20:07:00","1f40c","Marth"
"2014-01-21 20:07:00","1f419","Marth"
"2014-01-21 20:07:00","1f41a","Marth"
"2014-01-21 20:07:00","1f420","Marth"
"2014-01-21 20:07:00","1f41f","Marth"
"2014-01-21 20:07:00","1f42c","Marth"
"2014-01-21 20:07:00","1f433","Marth"
"2014-01-21 20:07:00","1f40b","Marth"
"2014-01-21 20:07:00","1f404","Marth"
"2014-01-21 20:07:00","1f40f","Marth"
"2014-01-21 20:07:00","1f400","Marth"
"2014-01-21 20:07:00","1f403","Marth"
"2014-01-21 20:07:00","1f405","Marth"
"2014-01-21 20:07:00","1f407","Marth"
"2014-01-21 20:07:00","1f409","Marth"
"2014-01-21 20:07:00","1f40e","Marth"
"2014-01-21 20:07:00","1f410","Marth"
"2014-01-21 20:07:00","1f413","Marth"
"2014-01-21 20:07:00","1f415","Marth"
"2014-01-21 20:07:00","1f416","Marth"
"2014-01-21 20:07:00","1f401","Marth"
"2014-01-21 20:07:00","1f402","Marth"
"2014-01-21 20:07:00","1f432","Marth"
"2014-01-21 20:07:00","1f421","Marth"
"2014-01-21 20:07:00","1f40a","Marth"
"2014-01-21 20:07:00","1f42b","Marth"
"2014-01-21 20:07:00","1f42a","Marth"
"2014-01-21 20:07:00","1f406","Marth"
"2014-01-21 20:07:00","1f408","Marth"
"2014-01-21 20:07:00","1f429","Marth"
"2014-01-21 20:07:00","1f43e","Marth"
"2014-01-21 20:07:00","1f490","Marth"
"2014-01-21 20:07:00","1f338","Marth"
"2014-01-21 20:07:00","1f337","Marth"
"2014-01-21 20:07:00","1f340","Marth"
"2014-01-21 20:07:00","1f339","Marth"
"2014-01-21 20:07:00","1f33b","Marth"
"2014-01-21 20:07:00","1f33a","Marth"
"2014-01-21 20:07:00","1f341","Marth"
"2014-01-21 20:07:00","1f343","Marth"
"2014-01-21 20:07:00","1f342","Marth"
"2014-01-21 20:07:00","1f33f","Marth"
"2014-01-21 20:07:00","1f33e","Marth"
"2014-01-21 20:07:00","1f344","Marth"
"2014-01-21 20:07:00","1f335","Marth"
"2014-01-21 20:07:00","1f334","Marth"
"2014-01-21 20:07:00","1f332","Marth"
"2014-01-21 20:07:00","1f333","Marth"
"2014-01-21 20:07:00","1f330","Marth"
"2014-01-21 20:07:00","1f331","Marth"
"2014-01-21 20:07:00","1f33c","Marth"
"2014-01-21 20:07:00","1f310","Marth"
"2014-01-21 20:07:00","1f31e","Marth"
"2014-01-21 20:07:00","1f31d","Marth"
"2014-01-21 20:07:00","1f31a","Marth"
"2014-01-21 20:07:00","1f311","Marth"
"2014-01-21 20:07:00","1f312","Marth"
"2014-01-21 20:07:00","1f313","Marth"
"2014-01-21 20:07:00","1f314","Marth"
"2014-01-21 20:07:00","1f315","Marth"
"2014-01-21 20:07:00","1f316","Marth"
"2014-01-21 20:07:00","1f317","Marth"
"2014-01-21 20:07:00","1f318","Marth"
"2014-01-21 20:07:00","1f31c","Marth"
"2014-01-21 20:07:00","1f31b","Marth"
"2014-01-21 20:07:00","1f319","Marth"
"2014-01-21 20:07:00","1f30d","Marth"
"2014-01-21 20:07:00","1f30e","Marth"
"2014-01-21 20:07:00","1f30f","Marth"
"2014-01-21 20:07:00","1f30b","Marth"
"2014-01-21 20:07:00","1f30c","Marth"
"2014-01-21 20:07:00","1f320","Marth"
"2014-01-21 20:07:00","1f300","Marth"
"2014-01-21 20:07:00","1f301","Marth"
"2014-01-21 20:07:00","1f308","Marth"
"2014-01-21 20:07:00","1f30a","Marth"
"2014-01-22 00:40:00","1f425","Dave"
"2014-01-22 00:45:00","1f3a5","Marth"
"2014-01-22 00:45:00","1f44d","Marth"
"2014-01-25 15:06:00","1f479","Owen"
"2014-01-25 15:10:00","1f451","Tegan"
"2014-01-28 18:08:00","1f38f","Phil"
"2014-01-31 11:07:00","1f614","Owen"
"2014-02-01 14:20:00","1f6b2","Marth"
"2014-02-05 14:35:00","1f42d","Tegan"
"2014-02-06 08:09:00","1f382","Eliza"
"2014-02-06 09:14:00","1f432","Owen"
"2014-02-06 09:14:00","1f382","Owen"
"2014-02-06 09:14:00","1f37b","Owen"
"2014-02-06 09:14:00","1f31b","Owen"
"2014-02-06 09:14:00","1f556","Owen"
"2014-02-06 09:19:00","1f562","Sam"
"2014-02-06 09:19:00","1f354","Sam"
"2014-02-06 09:19:00","1f37a","Sam"
"2014-02-06 09:19:00","1f3a4","Sam"
"2014-02-06 09:19:00","1f319","Sam"
"2014-02-06 09:19:00","1f479","Sam"
"2014-02-06 09:19:00","1f4a5","Sam"
"2014-02-06 09:19:00","1f491","Sam"
"2014-02-06 09:19:00","1f449","Sam"
"2014-02-06 09:19:00","1f44c","Sam"
"2014-02-06 09:19:00","1f631","Sam"
"2014-02-06 09:41:00","1f31b","Owen"
"2014-02-06 09:41:00","1f364","Owen"
"2014-02-06 09:41:00","1f31e","Owen"
"2014-02-06 09:41:00","1f31c","Owen"
"2014-02-06 09:41:00","1f491","Owen"
"2014-02-06 09:41:00","1f432","Owen"
"2014-02-06 09:41:00","1f46c","Owen"
"2014-02-06 09:41:00","1f449","Owen"
"2014-02-06 09:41:00","1f448","Owen"
"2014-02-06 09:41:00","1f432","Owen"
"2014-02-06 09:51:00","1f432","Mike"
"2014-02-06 09:51:00","1f449","Mike"
"2014-02-06 09:51:00","1f44c","Mike"
"2014-02-06 09:51:00","1f51c","Mike"
"2014-02-06 09:51:00","1f4a5","Mike"
"2014-02-06 09:51:00","1f633","Mike"
"2014-02-06 09:51:00","1f64d","Mike"
"2014-02-06 09:52:00","1f602","Owen"
"2014-02-06 09:52:00","1f602","Owen"
"2014-02-06 09:52:00","1f432","Owen"
"2014-02-06 09:52:00","1f449","Owen"
"2014-02-06 09:52:00","1f44c","Owen"
"2014-02-06 09:52:00","1f51c","Owen"
"2014-02-06 09:52:00","1f4a5","Owen"
"2014-02-06 09:52:00","1f633","Owen"
"2014-02-06 09:52:00","1f647","Owen"
"2014-02-06 09:59:00","1f432","Owen"
"2014-02-06 09:59:00","1f382","Owen"
"2014-02-06 09:59:00","1f31c","Owen"
"2014-02-06 09:59:00","1f364","Owen"
"2014-02-06 09:59:00","1f31e","Owen"
"2014-02-08 13:12:00","1f51c","Shaggy"
"2014-02-13 12:13:00","1f603","Eliza"
"2014-02-13 12:13:00","1f388","Eliza"
"2014-02-13 12:13:00","1f407","Eliza"
"2014-02-14 19:25:00","1f48f","Vanessa"
"2014-02-14 19:25:00","1f48b","Vanessa"
"2014-02-16 10:33:00","1f31e","Vanessa"
"2014-02-19 21:35:00","1f451","Tegan"
"2014-02-21 16:46:00","1f37a","Owen"
"2014-03-11 19:10:00","1f408","Eliza"
"2014-03-11 19:10:00","1f425","Eliza"
"2014-03-11 19:11:00","1f44d","Tegan"
"2014-03-11 19:11:00","1f40a","Owen"
"2014-03-11 19:11:00","1f42c","Owen"
"2014-03-11 19:11:00","1f552","Owen"
"2014-03-12 17:02:00","1f389","Krizia"
"2014-03-12 17:02:00","1f389","Krizia"
"2014-03-12 17:02:00","1f389","Krizia"
"2014-03-12 17:02:00","1f389","Krizia"
"2014-03-12 17:02:00","1f389","Krizia"
"2014-03-12 17:02:00","1f38a","Krizia"
"2014-03-12 17:02:00","1f38a","Krizia"
"2014-03-12 17:02:00","1f38a","Krizia"
"2014-03-21 21:03:00","1f389","Vanessa"
"2014-03-21 21:03:00","1f389","Vanessa"
"2014-03-21 21:03:00","1f389","Vanessa"
"2014-03-21 21:03:00","1f38a","Vanessa"
"2014-03-21 21:03:00","1f38a","Vanessa"
"2014-03-21 21:03:00","1f38a","Vanessa"
"2014-03-27 20:42:00","1f633","Hannah"
"2014-03-27 20:42:00","1f389","Hannah"
"2014-03-27 20:42:00","1f389","Hannah"
"2014-03-27 20:42:00","1f389","Hannah"
"2014-03-27 20:42:00","1f38a","Hannah"
"2014-03-27 20:42:00","1f38a","Hannah"
"2014-03-27 20:42:00","1f38a","Hannah"
"2014-03-27 20:42:00","1f388","Hannah"
"2014-03-27 20:42:00","1f388","Hannah"
"2014-03-27 20:42:00","1f388","Hannah"
"2014-03-27 20:42:00","1f47b","Hannah"
"2014-03-27 20:42:00","1f47b","Hannah"
"2014-03-27 20:42:00","1f47b","Hannah"
"2014-03-28 16:44:00","1f44d","Bunn"
"2014-03-29 11:32:00","1f60e","Vanessa"
"2014-03-29 17:22:00","1f44d","Lora"
"2014-04-08 15:48:00","1f614","Lora"
"2014-04-11 13:36:00","1f37a","Bunn"
"2014-04-11 13:36:00","1f37a","Bunn"
"2014-04-11 13:36:00","1f37a","Bunn"
"2014-04-11 13:36:00","1f37a","Bunn"
"2014-04-11 13:36:00","1f37a","Bunn"
"2014-04-20 10:33:00","1f609","Shaggy"
"2014-04-24 19:41:00","1f46f","Lora"
"2014-04-24 19:41:00","1f46f","Lora"
"2014-04-24 19:41:00","1f46f","Lora"
"2014-04-24 19:41:00","1f46f","Lora"
"2014-04-25 01:03:00","1f618","Lora"
"2014-04-25 01:03:00","1f618","Lora"
"2014-04-25 17:50:00","1f629","Krizia"
"2014-04-25 17:50:00","1f60a","Krizia"
"2014-04-28 18:34:00","1f44f","Krizia"
"2014-04-28 18:34:00","1f389","Krizia"
"2014-04-28 18:34:00","1f389","Krizia"
"2014-04-28 18:34:00","1f389","Krizia"
"2014-04-28 18:34:00","1f389","Krizia"
"2014-04-30 10:47:00","1f44d","Sam"
"2014-05-09 17:41:00","1f60d","Krizia"
"2014-05-09 17:41:00","1f60d","Krizia"
"2014-05-13 21:44:00","1f389","Krizia"
"2014-05-13 21:44:00","1f389","Krizia"
"2014-05-13 21:44:00","1f389","Krizia"
"2014-05-13 22:01:00","1f409","Owen"
"2014-05-13 22:01:00","1f382","Owen"
"2014-05-13 22:03:00","1f389","Vanessa"
"2014-05-13 22:03:00","1f389","Vanessa"
"2014-05-13 22:03:00","1f38a","Vanessa"
"2014-05-13 22:03:00","1f38a","Vanessa"
"2014-05-13 22:43:00","1f417","Tegan"
"2014-05-13 22:43:00","1f43c","Tegan"
"2014-05-13 22:43:00","1f41d","Tegan"
"2014-05-13 22:43:00","1f41b","Tegan"
"2014-05-13 22:43:00","1f419","Tegan"
"2014-05-13 22:43:00","1f41c","Tegan"
"2014-05-13 22:43:00","1f331","Tegan"
"2014-05-13 22:43:00","1f425","Tegan"
"2014-05-13 22:43:00","1f31e","Tegan"
"2014-05-13 22:48:00","1f3a9","Tegan"
"2014-05-13 22:48:00","1f331","Tegan"
"2014-05-13 22:48:00","1f425","Tegan"
"2014-05-13 22:48:00","1f31e","Tegan"
"2014-05-16 14:08:00","1f61c","Bunn"
"2014-05-22 20:07:00","1f423","Vanessa"
"2014-05-25 13:30:00","1f603","Owen"
"2014-05-26 11:21:00","1f615","Bunn"
"2014-05-28 15:16:00","1f604","Owen"
"2014-05-28 19:05:00","1f603","Owen"
"2014-06-01 10:05:00","1f600","Owen"
"2014-06-02 16:00:00","1f44e","Eliza"
"2014-06-03 00:21:00","1f346","Shaggy"
"2014-06-03 00:27:00","1f346","Owen"
"2014-06-03 09:01:00","1f618","Owen"
"2014-06-03 09:05:00","1f622","Bunn"
"2014-06-07 16:33:00","1f60a","Krizia"
"2014-06-07 16:55:00","1f60d","Krizia"
"2014-06-10 11:52:00","1f389","Krizia"
"2014-06-10 11:52:00","1f389","Krizia"
"2014-06-10 11:52:00","1f389","Krizia"
"2014-06-10 11:52:00","1f389","Krizia"
"2014-06-12 21:23:00","1f61d","Krizia"
"2014-06-12 21:23:00","1f61d","Krizia"
"2014-06-12 21:23:00","1f61d","Krizia"
"2014-06-12 22:02:00","1f1e7","Krizia"
"2014-06-12 22:02:00","1f1f7","Krizia"
"2014-06-12 22:02:00","1f1fd","Krizia"
"2014-06-12 22:02:00","1f1fd","Krizia"
"2014-06-12 22:02:00","1f1fd","Krizia"
"2014-06-12 22:02:00","1f1fd","Krizia"
"2014-06-12 22:02:00","1f1fd","Krizia"
"2014-06-12 22:02:00","1f1fd","Krizia"
"2014-06-12 22:02:00","1f1fd","Krizia"
"2014-06-12 22:02:00","1f1fd","Krizia"
"2014-06-12 22:02:00","1f1fd","Krizia"
"2014-06-12 22:02:00","1f1fd","Krizia"
"2014-06-12 22:02:00","1f1fd","Krizia"
"2014-06-12 22:02:00","1f1fd","Krizia"
"2014-06-12 22:02:00","1f1fd","Krizia"
"2014-06-12 22:02:00","1f1fd","Krizia"
"2014-06-12 22:02:00","1f60d","Krizia"
"2014-06-12 22:02:00","1f389","Krizia"
"2014-06-12 22:02:00","1f389","Krizia"
"2014-06-12 22:02:00","1f389","Krizia"
"2014-06-12 22:02:00","1f389","Krizia"
"2014-06-12 22:02:00","1f389","Krizia"
"2014-06-12 22:09:00","1f60d","Dave"
"2014-06-12 22:22:00","1f389","Vanessa"
"2014-06-12 22:22:00","1f389","Vanessa"
"2014-06-12 22:22:00","1f389","Vanessa"
"2014-06-12 22:22:00","1f389","Vanessa"
"2014-06-13 00:07:00","1f4aa","Krizia"
"2014-06-13 00:09:00","1f44d","Bunn"
"2014-06-13 00:09:00","1f61c","Bunn"
"2014-06-13 00:44:00","1f60d","Krizia"
"2014-06-13 00:44:00","1f60d","Krizia"
"2014-06-13 00:44:00","1f60d","Krizia"
"2014-06-13 21:57:00","1f63a","Lora"
"2014-06-13 21:57:00","1f63a","Lora"
"2014-06-13 21:57:00","1f63a","Lora"
"2014-06-13 21:57:00","1f63a","Lora"
"2014-06-13 22:03:00","1f1fd","Krizia"
"2014-06-13 22:03:00","1f1fd","Krizia"
"2014-06-13 22:03:00","1f1fd","Krizia"
"2014-06-13 22:03:00","1f1fd","Krizia"
"2014-06-13 22:03:00","1f1fd","Krizia"
"2014-06-13 22:03:00","1f1fd","Krizia"
"2014-06-13 22:03:00","1f1fd","Krizia"
"2014-06-13 22:03:00","1f1fd","Krizia"
"2014-06-13 22:03:00","1f1fd","Krizia"
"2014-06-13 22:03:00","1f1fd","Krizia"
"2014-06-13 22:03:00","1f1fd","Krizia"
"2014-06-13 22:03:00","1f1fd","Krizia"
"2014-06-13 22:03:00","1f1fd","Krizia"
"2014-06-13 22:03:00","1f1fd","Krizia"
"2014-06-13 22:03:00","1f1fd","Krizia"
"2014-06-13 22:03:00","1f1fd","Krizia"
"2014-06-13 22:03:00","1f1fd","Krizia"
"2014-06-13 22:03:00","1f1fd","Krizia"
"2014-06-14 01:02:00","1f61c","Lorna"
"2014-06-16 16:41:00","1f625","Owen"
"2014-06-17 13:21:00","1f633","Krizia"
"2014-06-17 13:21:00","1f633","Krizia"
"2014-06-17 13:21:00","1f616","Krizia"
"2014-06-17 14:53:00","1f60d","Krizia"
"2014-06-17 14:53:00","1f60d","Krizia"
"2014-06-18 12:30:00","1f44c","Em"
"2014-06-19 09:44:00","1f389","Krizia"
"2014-06-19 09:44:00","1f389","Krizia"
"2014-06-19 09:44:00","1f389","Krizia"
"2014-06-19 09:44:00","1f382","Krizia"
"2014-06-19 11:06:00","1f389","Vanessa"
"2014-06-19 11:06:00","1f389","Vanessa"
"2014-06-19 11:06:00","1f389","Vanessa"
"2014-06-19 11:06:00","1f38a","Vanessa"
"2014-06-19 11:06:00","1f38a","Vanessa"
"2014-06-19 18:51:00","1f618","Owen"
"2014-06-19 18:51:00","1f618","Owen"
"2014-06-19 18:51:00","1f389","Owen"
"2014-06-19 18:51:00","1f389","Owen"
"2014-06-19 18:51:00","1f389","Owen"
"2014-06-19 18:51:00","1f38a","Owen"
"2014-06-19 18:51:00","1f38a","Owen"
"2014-06-19 18:51:00","1f38a","Owen"
"2014-06-19 18:51:00","1f633","Krizia"
"2014-06-19 18:51:00","1f622","Krizia"
"2014-06-19 18:51:00","1f431","Krizia"
"2014-06-19 18:51:00","1f618","Krizia"
"2014-06-19 18:51:00","1f61d","Krizia"
"2014-06-19 18:51:00","1f61c","Krizia"
"2014-06-19 18:51:00","1f61c","Krizia"
"2014-06-19 18:51:00","1f413","Krizia"
"2014-06-19 18:51:00","1f44d","Krizia"
"2014-06-19 18:51:00","1f61b","Krizia"
"2014-06-19 18:51:00","1f61a","Krizia"
"2014-06-19 18:51:00","1f64f","Krizia"
"2014-06-19 18:51:00","1f64f","Krizia"
"2014-06-19 18:51:00","1f44d","Krizia"
"2014-06-19 18:51:00","1f1e7","Krizia"
"2014-06-19 18:51:00","1f1f7","Krizia"
"2014-06-19 18:51:00","1f618","Krizia"
"2014-06-19 18:51:00","1f621","Krizia"
"2014-06-19 18:51:00","1f61c","Krizia"
"2014-06-19 18:51:00","1f60d","Krizia"
"2014-06-19 18:51:00","1f60d","Krizia"
"2014-06-19 18:51:00","1f60d","Krizia"
"2014-06-19 18:51:00","1f60d","Krizia"
"2014-06-19 18:52:00","1f40d","Owen"
"2014-06-19 18:52:00","1f40d","Owen"
"2014-06-19 18:52:00","1f409","Owen"
"2014-06-19 18:52:00","1f432","Owen"
"2014-06-19 18:52:00","1f405","Owen"
"2014-06-19 18:52:00","1f405","Owen"
"2014-06-19 18:52:00","1f419","Owen"
"2014-06-19 18:52:00","1f40c","Owen"
"2014-06-19 18:52:00","1f425","Owen"
"2014-06-19 18:52:00","1f412","Owen"
"2014-06-19 18:52:00","1f42f","Owen"
"2014-06-19 18:52:00","1f422","Owen"
"2014-06-19 18:52:00","1f41b","Owen"
"2014-06-19 18:52:00","1f41c","Owen"
"2014-06-19 18:52:00","1f41c","Owen"
"2014-06-19 18:52:00","1f402","Owen"
"2014-06-19 18:52:00","1f406","Owen"
"2014-06-19 18:52:00","1f406","Owen"
"2014-06-19 18:52:00","1f40a","Owen"
"2014-06-19 18:52:00","1f40a","Owen"
"2014-06-19 18:52:00","1f40a","Owen"
"2014-06-19 18:52:00","1f40a","Owen"
"2014-06-19 18:52:00","1f40a","Owen"
"2014-06-19 18:52:00","1f429","Owen"
"2014-06-19 18:52:00","1f429","Owen"
"2014-06-19 18:52:00","1f414","Owen"
"2014-06-19 18:52:00","1f416","Owen"
"2014-06-19 18:52:00","1f400","Owen"
"2014-06-19 18:52:00","1f400","Owen"
"2014-06-22 10:04:00","1f44f","Vanessa"
"2014-06-22 10:04:00","1f44f","Vanessa"
"2014-06-24 12:25:00","1f61c","Krizia"
"2014-06-25 17:03:00","1f44f","Krizia"
"2014-06-25 17:03:00","1f44f","Krizia"
"2014-06-25 17:03:00","1f44f","Krizia"
"2014-06-25 17:03:00","1f44f","Krizia"
"2014-06-25 17:03:00","1f44f","Krizia"
"2014-06-25 21:20:00","1f62b","Bunn"
"2014-06-25 21:20:00","1f62b","Bunn"
"2014-06-26 17:39:00","1f62b","Bunn"
"2014-06-28 18:12:00","1f601","Vanessa"
"2014-06-28 22:28:00","1f4a9","Bunn"
"2014-06-28 22:44:00","1f451","Lorna"
"2014-06-28 22:44:00","1f354","Lorna"
"2014-06-28 22:44:00","1f35f","Lorna"
"2014-06-28 22:44:00","1f366","Lorna"
"2014-06-29 01:40:00","1f44d","Sam"
"2014-06-29 01:40:00","1f44c","Sam"
"2014-06-29 01:40:00","1f44d","Sam"
"2014-06-29 01:40:00","1f479","Sam"
"2014-06-29 15:13:00","1f389","Krizia"
"2014-06-29 15:13:00","1f389","Krizia"
"2014-06-29 15:13:00","1f389","Krizia"
"2014-06-29 15:13:00","1f1fd","Krizia"
"2014-06-29 15:13:00","1f1fd","Krizia"
"2014-06-29 18:08:00","1f3c3","Bunn"
"2014-06-29 18:08:00","1f389","Bunn"
"2014-06-29 18:08:00","1f389","Bunn"
"2014-06-29 18:08:00","1f38a","Bunn"
"2014-06-29 18:39:00","1f1fd","Krizia"
"2014-06-29 18:39:00","1f1fd","Krizia"
"2014-06-29 18:39:00","1f1fd","Krizia"
"2014-06-29 18:39:00","1f1fd","Krizia"
"2014-06-29 18:39:00","1f1fd","Krizia"
"2014-06-29 18:39:00","1f1fd","Krizia"
"2014-06-29 18:39:00","1f1fd","Krizia"
"2014-06-29 18:39:00","1f1fd","Krizia"
"2014-06-29 18:39:00","1f1fd","Krizia"
"2014-06-29 18:39:00","1f1fd","Krizia"
"2014-06-29 18:39:00","1f1fd","Krizia"
"2014-06-29 18:39:00","1f1fd","Krizia"
"2014-06-29 18:39:00","1f1fd","Krizia"
"2014-06-29 18:39:00","1f1fd","Krizia"
"2014-06-29 18:39:00","1f1fd","Krizia"
"2014-06-29 18:39:00","1f1fd","Krizia"
"2014-06-29 18:39:00","1f1fd","Krizia"
"2014-06-29 18:39:00","1f1fd","Krizia"
"2014-06-29 18:39:00","1f1fd","Krizia"
"2014-06-29 18:39:00","1f1fd","Krizia"
"2014-06-29 18:54:00","1f622","Krizia"
"2014-06-29 18:54:00","1f622","Krizia"
"2014-06-29 18:54:00","1f622","Krizia"
"2014-06-29 18:54:00","1f622","Krizia"
"2014-06-29 18:54:00","1f622","Krizia"
"2014-06-29 18:54:00","1f622","Krizia"
"2014-06-29 19:00:00","1f622","Krizia"
"2014-06-29 19:00:00","1f622","Krizia"
"2014-06-29 19:00:00","1f622","Krizia"
"2014-07-01 17:35:00","1f60d","Shaggy"
"2014-07-02 11:44:00","1f1fb","Krizia"
"2014-07-02 11:44:00","1f1ea","Krizia"
"2014-07-04 13:56:00","1f44c","Lora"
"2014-07-04 13:56:00","1f44c","Lora"
"2014-07-05 17:21:00","1f61b","Vanessa"
"2014-07-06 01:14:00","1f497","Lora"
"2014-07-11 18:26:00","1f60a","Simone"
"2014-07-14 15:41:00","1f43a","Phil"
"2014-07-14 15:41:00","1f52b","Phil"
"2014-07-14 16:44:00","1f52f","Phil"
"2014-07-15 15:55:00","1f61c","Owen"
"2014-07-16 09:46:00","1f61e","Mike"
"2014-07-20 11:52:00","1f40a","Owen"
"2014-07-20 11:52:00","1f42b","Owen"
"2014-07-20 11:57:00","1f346","Tegan"
"2014-07-26 11:48:00","1f44d","Bunn"
"2014-07-29 08:48:00","1f44c","Lora"
"2014-07-29 08:48:00","1f44c","Lora"
"2014-07-29 08:48:00","1f44c","Lora"
"2014-07-29 17:09:00","1f44d","Bunn"
"2014-07-29 17:09:00","1f44d","Bunn"
"2014-07-29 17:09:00","1f44d","Bunn"
"2014-07-29 17:15:00","1f389","Vanessa"
"2014-07-29 17:15:00","1f389","Vanessa"
"2014-07-29 17:26:00","1f44a","Krizia"
"2014-07-30 09:45:00","1f305","Owen"
"2014-07-30 09:45:00","1f30d","Owen"
"2014-07-30 09:45:00","1f435","Owen"
"2014-07-30 09:45:00","1f412","Owen"
"2014-07-30 09:45:00","1f435","Owen"
"2014-07-30 09:45:00","1f412","Owen"
"2014-07-30 09:45:00","1f435","Owen"
"2014-07-30 09:45:00","1f412","Owen"
"2014-07-30 09:45:00","1f435","Owen"
"2014-07-30 09:45:00","1f412","Owen"
"2014-08-02 08:47:00","1f382","Krizia"
"2014-08-02 08:47:00","1f389","Krizia"
"2014-08-02 08:47:00","1f38a","Krizia"
"2014-08-02 08:47:00","1f38a","Krizia"
"2014-08-02 08:47:00","1f389","Krizia"
"2014-08-02 09:57:00","1f389","Vanessa"
"2014-08-02 09:57:00","1f389","Vanessa"
"2014-08-02 09:57:00","1f389","Vanessa"
"2014-08-02 09:57:00","1f46f","Vanessa"
"2014-08-02 09:57:00","1f36a","Vanessa"
"2014-08-02 10:00:00","1f389","Tegan"
"2014-08-02 10:07:00","1f38a","Shaggy"
"2014-08-02 11:08:00","1f484","Lorna"
"2014-08-02 11:08:00","1f459","Lorna"
"2014-08-02 11:08:00","1f485","Lorna"
"2014-08-02 18:23:00","1f389","Lora"
"2014-08-02 18:23:00","1f389","Lora"
"2014-08-02 18:23:00","1f389","Lora"
"2014-08-02 18:26:00","1f472","Phil"
"2014-08-02 18:26:00","1f1ee","Phil"
"2014-08-02 18:26:00","1f1f1","Phil"
"2014-08-02 18:26:00","1f697","Phil"
"2014-08-02 18:26:00","1f44c","Phil"
"2014-08-08 10:22:00","1f602","Shaggy"
"2014-08-08 11:33:00","1f38a","Krizia"
"2014-08-08 11:33:00","1f38a","Krizia"
"2014-08-08 11:33:00","1f389","Krizia"
"2014-08-08 11:33:00","1f389","Krizia"
"2014-08-08 17:19:00","1f389","Krizia"
"2014-08-08 17:19:00","1f389","Krizia"
"2014-08-08 17:25:00","1f37b","Krizia"
"2014-08-08 17:25:00","1f37b","Krizia"
"2014-08-08 17:25:00","1f37b","Krizia"
"2014-08-08 17:25:00","1f37b","Krizia"
"2014-08-08 23:53:00","1f60d","Krizia"
"2014-08-08 23:53:00","1f389","Krizia"
"2014-08-08 23:53:00","1f389","Krizia"
"2014-08-08 23:53:00","1f389","Krizia"
"2014-08-08 23:57:00","1f60d","Krizia"
"2014-08-08 23:57:00","1f60d","Krizia"
"2014-08-08 23:57:00","1f60d","Krizia"
"2014-08-21 19:57:00","1f41d","Owen"
"2014-08-21 19:57:00","1f41c","Owen"
"2014-08-21 19:57:00","1f41c","Owen"
"2014-08-21 19:57:00","1f41c","Owen"
"2014-08-21 19:57:00","1f41c","Owen"
"2014-08-22 11:39:00","1f60d","Sam"
"2014-08-22 11:39:00","1f31d","Sam"
"2014-08-22 18:47:00","1f44c","Lora"
"2014-08-23 11:23:00","1f38f","Phil"
"2014-08-24 15:14:00","1f46d","Phil"
"2014-08-27 09:27:00","1f389","Krizia"
"2014-08-27 09:27:00","1f389","Krizia"
"2014-08-27 09:27:00","1f389","Krizia"
"2014-08-27 09:27:00","1f389","Krizia"
"2014-08-27 09:27:00","1f60a","Krizia"
"2014-08-27 09:27:00","1f60a","Krizia"
"2014-08-27 09:27:00","1f60a","Krizia"
"2014-08-27 09:27:00","1f600","Krizia"
"2014-08-27 11:06:00","1f44f","Bunn"
"2014-08-30 08:58:00","1f389","Owen"
"2014-08-30 08:58:00","1f389","Owen"
"2014-08-30 08:58:00","1f389","Owen"
"2014-08-30 08:58:00","1f389","Owen"
"2014-08-30 13:00:00","1f60a","Joe"
"2014-08-30 14:33:00","1f61c","Joe"
"2014-09-02 10:48:00","1f31e","Krizia"
"2014-09-02 10:53:00","1f614","Shaggy"
"2014-09-04 12:50:00","1f61e","Hannah"
"2014-09-04 12:50:00","1f624","Hannah"
"2014-09-04 21:21:00","1f603","Cate"
"2014-09-04 23:02:00","1f603","Mike"
"2014-09-06 17:45:00","1f61d","Adimina"
"2014-09-06 19:35:00","1f609","Joe"
"2014-09-06 19:35:00","1f609","Joe"
"2014-09-06 19:35:00","1f1e7","Joe"
"2014-09-06 19:35:00","1f1f7","Joe"
"2014-09-06 19:35:00","1f1e7","Joe"
"2014-09-06 19:35:00","1f1f7","Joe"
"2014-09-08 19:33:00","1f609","Joe"
"2014-09-08 19:42:00","1f1fd","Joe"
"2014-09-08 19:42:00","1f1ea","Joe"
"2014-09-08 19:42:00","1f47b","Bunn"
"2014-09-12 17:30:00","1f620","Phil"
"2014-09-13 09:34:00","1f610","Phil"
"2014-09-13 09:34:00","1f60e","Phil"
"2014-09-15 20:55:00","1f44d","Adimina"
"2014-09-15 20:55:00","1f4a4","Adimina"
"2014-09-17 13:51:00","1f61c","Krizia"
"2014-09-17 14:16:00","1f60d","Krizia"
"2014-09-17 16:08:00","1f44d","Adimina"
"2014-09-17 19:09:00","1f629","Bunn"
"2014-09-17 19:09:00","1f624","Bunn"
"2014-09-18 09:24:00","1f609","Joe"
"2014-09-18 14:39:00","1f640","Bunn"
"2014-09-18 14:41:00","1f631","Joe"
"2014-09-19 09:30:00","1f389","Vanessa"
"2014-09-19 09:30:00","1f389","Vanessa"
"2014-09-19 09:30:00","1f389","Vanessa"
"2014-09-19 09:30:00","1f38a","Vanessa"
"2014-09-19 09:30:00","1f38a","Vanessa"
"2014-09-19 09:30:00","1f38a","Vanessa"
"2014-09-19 09:30:00","1f382","Vanessa"
"2014-09-19 09:30:00","1f451","Vanessa"
"2014-09-19 09:30:00","1f3a9","Vanessa"
"2014-09-19 09:30:00","1f452","Vanessa"
"2014-09-19 10:12:00","1f389","Joe"
"2014-09-19 10:12:00","1f389","Joe"
"2014-09-19 10:12:00","1f38a","Joe"
"2014-09-19 10:12:00","1f38a","Joe"
"2014-09-19 10:12:00","1f38a","Joe"
"2014-09-19 10:12:00","1f382","Joe"
"2014-09-19 10:12:00","1f451","Joe"
"2014-09-19 13:21:00","1f30a","Cate"
"2014-09-19 13:21:00","1f480","Cate"
"2014-09-19 19:56:00","1f46f","Cate"
"2014-09-19 19:58:00","1f47b","Cate"
"2014-09-20 13:44:00","1f603","Owen"
"2014-09-20 15:33:00","1f37b","Cate"
"2014-09-20 16:23:00","1f61c","Bunn"
"2014-09-20 23:24:00","1f609","Joe"
"2014-09-21 04:24:00","1f618","Adimina"
"2014-09-21 15:56:00","1f37b","Cate"
"2014-09-23 08:57:00","1f471","Joe"
"2014-09-23 09:42:00","1f61d","Joe"
"2014-09-24 07:17:00","1f44c","Bunn"
"2014-09-24 07:17:00","1f44d","Bunn"
"2014-09-25 18:55:00","1f435","Cate"
"2014-09-26 08:44:00","1f42f","Cate"
"2014-09-26 08:44:00","1f42f","Cate"
"2014-09-26 10:07:00","1f64a","Adimina"
"2014-09-26 10:07:00","1f6b6","Adimina"
"2014-09-26 10:07:00","1f649","Adimina"
"2014-09-26 10:07:00","1f3c3","Adimina"
"2014-09-26 10:07:00","1f648","Adimina"
"2014-09-26 10:07:00","1f483","Adimina"
"2014-09-26 10:07:00","1f606","Adimina"
"2014-09-26 16:20:00","1f60d","Krizia"
"2014-09-26 16:20:00","1f60d","Krizia"
"2014-09-26 16:20:00","1f60d","Krizia"
"2014-09-26 19:59:00","1f631","Adimina"
"2014-09-29 13:17:00","1f389","Krizia"
"2014-09-29 13:17:00","1f389","Krizia"
"2014-09-29 13:17:00","1f389","Krizia"
"2014-09-30 11:42:00","1f608","Joe"
"2014-09-30 16:04:00","1f640","Angela"
"2014-09-30 16:04:00","1f63f","Angela"
"2014-09-30 16:04:00","1f639","Angela"
"2014-09-30 18:15:00","1f64b","Shaggy"
"2014-09-30 18:31:00","1f646","Adimina"
"2014-09-30 20:23:00","1f481","Sam"
"2014-10-02 13:00:00","1f468","Krizia"
"2014-10-02 14:45:00","1f62c","Joe"
"2014-10-02 14:47:00","1f389","Krizia"
"2014-10-02 14:47:00","1f389","Krizia"
"2014-10-02 14:47:00","1f389","Krizia"
"2014-10-02 14:47:00","1f389","Krizia"
"2014-10-02 14:51:00","1f44d","Bunn"
"2014-10-02 14:51:00","1f389","Bunn"
"2014-10-02 14:58:00","1f61d","Joe"
"2014-10-02 15:40:00","1f61d","Joe"
"2014-10-03 15:09:00","1f631","Bunn"
"2014-10-03 15:09:00","1f631","Bunn"
"2014-10-03 15:09:00","1f631","Bunn"
"2014-10-03 18:33:00","1f635","Bunn"
"2014-10-03 21:01:00","1f633","Shaggy"
"2014-10-04 13:47:00","1f61c","Bunn"
"2014-10-08 14:28:00","1f38a","Krizia"
"2014-10-08 14:28:00","1f389","Krizia"
"2014-10-08 14:28:00","1f389","Krizia"
"2014-10-08 14:28:00","1f389","Krizia"
"2014-10-08 14:36:00","1f61d","Joe"
"2014-10-08 16:20:00","1f60a","Joe"
"2014-10-08 16:20:00","1f61d","Joe"
"2014-10-08 16:28:00","1f61d","Joe"
"2014-10-08 16:28:00","1f61d","Joe"
"2014-10-10 11:58:00","1f62d","Joe"
"2014-10-10 12:00:00","1f633","Joe"
"2014-10-10 16:29:00","1f1fa","Owen"
"2014-10-10 16:29:00","1f1e6","Owen"
"2014-10-10 16:29:00","1f1fd","Owen"
"2014-10-10 16:29:00","1f1fd","Owen"
"2014-10-10 16:29:00","1f1fa","Owen"
"2014-10-10 16:29:00","1f1e6","Owen"
"2014-10-10 16:29:00","1f1fa","Owen"
"2014-10-10 16:29:00","1f1e6","Owen"
"2014-10-10 16:29:00","1f1fa","Owen"
"2014-10-10 16:29:00","1f1e6","Owen"
"2014-10-10 16:29:00","1f1fa","Owen"
"2014-10-10 16:29:00","1f1e6","Owen"
"2014-10-10 16:29:00","1f1fa","Owen"
"2014-10-10 16:29:00","1f1e6","Owen"
"2014-10-10 16:29:00","1f1fa","Owen"
"2014-10-10 16:29:00","1f1e6","Owen"
"2014-10-10 18:15:00","1f411","Joe"
"2014-10-10 18:18:00","1f411","Owen"
"2014-10-10 18:18:00","1f448","Owen"
"2014-10-10 18:18:00","1f6b6","Owen"
"2014-10-11 13:35:00","1f49c","Sam"
"2014-10-13 19:59:00","1f629","Mike"
"2014-10-14 11:50:00","1f610","Joe"
"2014-10-14 12:02:00","1f609","Joe"
"2014-10-14 12:18:00","1f61d","Joe"
"2014-10-16 08:16:00","1f3c3","Bunn"
"2014-10-16 08:16:00","1f4a8","Bunn"
"2014-10-16 08:20:00","1f631","Sam"
"2014-10-16 09:01:00","1f4a9","Shaggy"
"2014-10-16 09:57:00","1f631","Joe"
"2014-10-16 10:33:00","1f61d","Joe"
"2014-10-16 13:05:00","1f604","Mike"
"2014-10-16 13:07:00","1f389","Krizia"
"2014-10-16 13:07:00","1f389","Krizia"
"2014-10-16 13:07:00","1f389","Krizia"
"2014-10-16 13:07:00","1f389","Krizia"
"2014-10-16 13:07:00","1f38a","Krizia"
"2014-10-16 13:07:00","1f38a","Krizia"
"2014-10-16 13:07:00","1f38a","Krizia"
"2014-10-16 13:10:00","1f62e","Lorna"
"2014-10-16 13:22:00","1f46f","Mike"
"2014-10-16 13:22:00","1f46f","Mike"
"2014-10-16 13:22:00","1f46f","Mike"
"2014-10-16 16:19:00","1f389","Vanessa"
"2014-10-16 19:04:00","1f38a","Sam"
"2014-10-16 19:04:00","1f38a","Sam"
"2014-10-16 19:04:00","1f389","Sam"
"2014-10-16 19:04:00","1f389","Sam"
"2014-10-16 19:04:00","1f38a","Sam"
"2014-10-16 19:04:00","1f38a","Sam"
"2014-10-18 00:19:00","1f381","Joe"
"2014-10-18 00:29:00","1f44b","Chris"
"2014-10-18 00:29:00","1f44b","Chris"
"2014-10-18 00:29:00","1f44b","Chris"
"2014-10-18 00:29:00","1f44b","Chris"
"2014-10-18 00:31:00","1f630","Lora"
"2014-10-18 00:31:00","1f62d","Lora"
"2014-10-18 00:31:00","1f629","Lora"
"2014-10-18 08:33:00","1f389","Vanessa"
"2014-10-18 08:33:00","1f389","Vanessa"
"2014-10-18 08:33:00","1f389","Vanessa"
"2014-10-18 08:33:00","1f389","Vanessa"
"2014-10-18 08:33:00","1f389","Vanessa"
"2014-10-18 08:33:00","1f389","Vanessa"
"2014-10-18 08:33:00","1f389","Vanessa"
"2014-10-18 11:15:00","1f38a","Krizia"
"2014-10-18 11:15:00","1f38a","Krizia"
"2014-10-18 11:15:00","1f38a","Krizia"
"2014-10-18 11:15:00","1f389","Krizia"
"2014-10-18 11:15:00","1f389","Krizia"
"2014-10-18 11:15:00","1f389","Krizia"
"2014-10-18 11:15:00","1f389","Krizia"
"2014-10-20 09:02:00","1f610","Joe"
"2014-10-20 09:42:00","1f382","Krizia"
"2014-10-20 09:42:00","1f382","Krizia"
"2014-10-20 09:42:00","1f382","Krizia"
"2014-10-20 09:42:00","1f38a","Krizia"
"2014-10-20 09:42:00","1f38a","Krizia"
"2014-10-20 09:42:00","1f389","Krizia"
"2014-10-20 13:06:00","1f616","Adimina"
"2014-10-20 16:58:00","1f44d","Bunn"
"2014-10-22 18:19:00","1f44d","Bunn"
"2014-10-23 11:12:00","1f60d","Krizia"
"2014-10-23 16:42:00","1f389","Bunn"
"2014-10-23 16:42:00","1f60b","Bunn"
"2014-10-23 16:42:00","1f37b","Bunn"
"2014-10-23 16:42:00","1f37b","Bunn"
"2014-10-24 09:05:00","1f44d","Joe"
"2014-10-24 09:07:00","1f60a","Joe"
"2014-10-24 09:07:00","1f603","Joe"
"2014-10-24 10:52:00","1f61d","Joe"
"2014-10-24 10:58:00","1f633","Adimina"
"2014-10-24 10:58:00","1f633","Adimina"
"2014-10-24 10:58:00","1f633","Adimina"
"2014-10-24 10:58:00","1f633","Adimina"
"2014-10-24 10:58:00","1f633","Adimina"
"2014-10-24 10:58:00","1f633","Adimina"
